,MSE,Regret,Relative Regret,Optimal
0,4.376409607396246,8.2671,0.21970840494820712,0.0
1,4.604383892287204,8.763300000000008,0.24505529775854587,0.0
2,18.828455334228874,4.554500000000004,0.12784417823282226,0.0
3,5.664405350435295,5.1458999999999975,0.14537097680863822,0.0
4,3.41348575522545,9.364900000000006,0.229310420257618,0.0
5,6.658972969212306,2.8774000000000015,0.0866430990652064,0.0
6,14.850647971058793,5.775900000000007,0.16403727208325491,0.0
7,15.346702214352497,2.9580000000000055,0.0841953055447213,0.0
8,7.98714328801591,10.253300000000003,0.26918896426008954,0.0
9,10.13519067297478,8.4801,0.24472674836232192,0.0
10,4.400363284742496,6.661999999999999,0.14270474952187964,0.0
11,5.679375174632318,2.3407000000000053,0.06392525695204526,0.0
12,33.471067910923686,9.862900000000003,0.3028578788898338,0.0
13,3.7693926271172935,6.957199999999993,0.14453245884146232,0.0
14,5.552699486656826,6.738599999999998,0.192064437062843,0.0
15,10.57628131929404,5.331800000000001,0.13909744976938634,0.0
16,2.5054109219791565,5.4039,0.11854843460399739,0.0
17,2.8723156428333847,5.154399999999995,0.11664335764540047,0.0
18,19.22945454589575,2.6657999999999973,0.08424319198762732,0.0
19,10.071807392657993,0.6595000000000013,0.020349473998187338,0.0
20,6.766462322500778,0.5219000000000023,0.014438545537334325,0.0
21,6.028682073624995,9.2335,0.26356728476294417,0.0
22,6.738975779462016,3.352399999999996,0.08654392228874142,0.0
23,8.079592969390381,2.3459000000000003,0.055171554029337766,0.0
24,5.58143967056815,3.2749999999999986,0.08658889947071334,0.0
25,8.529034889344507,5.359699999999997,0.17501289755617075,0.0
26,8.210669076287758,8.247000000000007,0.22004968202580824,0.0
27,3.862106515501205,2.623199999999997,0.06192371414358279,0.0
28,6.4765600686523666,2.6676000000000073,0.0679288522735163,0.0
29,4.629074632797999,5.4794999999999945,0.13984452326060265,0.0
30,24.6089202048569,5.055,0.15126623710267179,0.0
31,30.479528147437527,5.028200000000005,0.1303290752645642,0.0
32,7.298330466775302,2.4494000000000042,0.07661413900078792,0.0
33,3.47220310286059,4.950400000000002,0.12089390738835581,0.0
34,8.886165229740346,8.1631,0.214400902940587,0.0
35,9.800704717846493,2.968899999999998,0.07609851853801199,0.0
36,2.812462344775465,4.559399999999997,0.10121181558997637,0.0
37,5.346671361139922,6.617399999999996,0.15537851375504286,0.0
38,6.8066747490677875,6.457300000000004,0.17843217936220537,0.0
39,3.8517585447625287,6.695000000000007,0.15833824038006342,0.0
40,4.1190962193589575,10.140799999999999,0.2538703404351246,0.0
41,5.559672435548674,4.567,0.12555119331213452,0.0
42,5.188440776293774,0.4912999999999954,0.012084644133709122,0.0
43,4.621957320582347,6.504399999999997,0.16561382025076357,0.0
44,7.061007750555004,1.7134,0.046094577965601034,0.0
45,13.248269881217874,5.4742999999999995,0.16541919057996526,0.0
46,7.8137893656792645,2.130900000000004,0.060536071758821516,0.0
47,8.009298504752593,0.5893000000000086,0.017657457848452775,0.0
48,12.108943906609479,4.887799999999999,0.1407273895822707,0.0
49,6.726750512776036,6.581099999999999,0.17257737104075244,0.0
50,14.183495669871048,5.9754000000000005,0.16928485782642919,0.0
51,16.025575874375075,1.994100000000003,0.06607509098595707,0.0
52,16.15614859258729,7.688099999999999,0.23652198987065906,0.0
53,4.865502761916088,6.139700000000005,0.15149877573261203,0.0
54,20.10097133681176,6.420400000000001,0.19915071482230873,0.0
55,8.745660446756363,3.4125999999999976,0.1022756217957555,0.0
56,3.513109022090206,3.9642000000000053,0.10141601723930066,0.0
57,11.831417372612558,5.222399999999993,0.136129748311855,0.0
58,4.844375125715522,5.203299999999999,0.12724960534292898,0.0
59,17.795897878463844,1.8714999999999975,0.05126484310666629,0.0
60,5.082383585386572,3.4939999999999998,0.0873941338190933,0.0
61,10.262756899006018,4.820599999999995,0.15280886005842495,0.0
62,4.36558055840226,2.139800000000001,0.05656611569495297,0.0
63,5.968027984945237,4.0234999999999985,0.09485046913711537,0.0
64,5.2763058767371485,4.49280000000001,0.1291758309133689,0.0
65,5.313107460467999,1.4449999999999932,0.0370500469547166,0.0
66,11.275841736430309,4.008499999999998,0.120675069555096,0.0
67,4.284514553901016,3.481099999999998,0.09063853917409971,0.0
68,8.546438498436224,5.186700000000002,0.150971899174593,0.0
69,4.55020483247979,3.931200000000004,0.10743801623530223,0.0
70,8.289524237272264,5.1053,0.1404576914556733,0.0
71,6.9660890587957205,6.176899999999989,0.16578454325770514,0.0
72,4.809853833416066,3.7458000000000027,0.09314597023161925,0.0
73,8.14086216149731,1.9496999999999929,0.05402058070248462,0.0
74,4.4030696782527095,2.5971000000000046,0.06926486571810574,0.0
75,25.541180170970648,1.5628000000000029,0.0529906413502285,0.0
76,5.172247096554106,4.387799999999984,0.10726386424864438,0.0
77,5.077104049647624,10.698600000000006,0.29696473346851715,0.0
78,4.6110586429888745,4.881500000000003,0.10510077293130127,0.0
79,6.398710239002288,8.5045,0.22730492128104096,0.0
80,4.2775167740544395,7.129899999999999,0.1724781068932263,0.0
81,33.820706247067086,4.197400000000002,0.12536737435973047,0.0
82,3.9522406896512807,3.4240999999999957,0.08725622335499487,0.0
83,18.651679560523004,5.366100000000003,0.17669779452366322,0.0
84,9.147919726622618,5.791499999999992,0.18522723579100225,0.0
85,12.470112750507429,7.5438000000000045,0.18844848083502969,0.0
86,4.817540890481152,8.843699999999998,0.22254460297807033,0.0
87,9.436355801152647,2.4131,0.06076179477625882,0.0
88,5.003756854727812,3.0080000000000027,0.07952076031279381,0.0
89,25.781956900818066,3.6768,0.09449790254518797,0.0
90,5.327818989665503,1.6723,0.03980813625697318,0.0
91,5.985746034523185,3.478200000000008,0.10736444364658708,0.0
92,5.938948186403574,1.4726999999999961,0.03386638327661013,0.0
93,4.783689143249908,0.7238000000000042,0.021101117965391963,0.0
94,6.4661415640018935,8.253399999999992,0.23348062418745236,0.0
95,5.106623040823717,4.126099999999994,0.11557379312743661,0.0
96,7.988628028718246,9.578800000000001,0.27494474504163513,0.0
97,6.197114630789531,1.2538999999999945,0.035090615911559354,0.0
98,7.9652140232483974,1.7582000000000058,0.05558242664750155,0.0
99,3.9707599077562734,6.0504999999999995,0.1543439771172867,0.0
100,6.3236085413713425,7.232899999999994,0.1933485877756755,0.0
101,8.45716923801225,5.8568,0.1743842594016952,0.0
102,6.6257435210086815,9.365700000000004,0.23070897313061137,0.0
103,4.377423771517565,3.016300000000001,0.08232529427185037,0.0
104,11.947908779883758,4.828400000000002,0.12860403697831113,0.0
105,4.845152706593741,3.8829000000000065,0.12055026693568353,0.0
106,22.63087443737427,5.2472000000000065,0.14585279034397175,0.0
107,4.126165973645656,6.9163,0.15188241667936891,0.0
108,6.251811660758864,8.023000000000003,0.22744539885172996,0.0
109,13.425065171051806,2.5257000000000005,0.06964566367118252,0.0
110,3.332890002258503,3.184899999999999,0.0683072355004874,0.0
111,5.290643957434203,6.369500000000002,0.1629303151863734,0.0
112,4.184586180455769,2.910099999999993,0.07158213196344221,0.0
113,3.6883361793364995,2.2665000000000006,0.0460309593570269,0.0
114,4.251000120410126,5.995100000000001,0.170080995871935,0.0
115,6.948042058961606,2.1026000000000025,0.07025199278885655,0.0
116,8.645684995450749,8.272600000000004,0.25953499088764775,0.0
117,3.2271548390264897,3.936800000000005,0.09400841965177062,0.0
118,13.469865119246874,7.387500000000003,0.20239836875161413,0.0
119,7.020637362883382,0.6442999999999977,0.020705191174487866,0.0
120,15.196257643585676,3.560700000000004,0.09040338364527369,0.0
121,4.960202118204516,9.675199999999997,0.3099048994074134,0.0
122,6.254532598211734,4.897599999999997,0.12548874883932956,0.0
123,24.5897517588233,4.693899999999999,0.14025080707110152,0.0
124,5.402639438552967,3.0763999999999925,0.06914035269324546,0.0
125,9.90736480879201,5.065899999999992,0.15249823852177247,0.0
126,83.52623974053915,6.463099999999997,0.20882121003663526,0.0
127,6.875658308441763,7.767600000000002,0.17500309746425502,0.0
128,4.043469208591335,4.724699999999999,0.10944862164869364,0.0
129,4.404921192752731,2.8397999999999897,0.07128691975819222,0.0
130,5.578305185747058,5.9805999999999955,0.1354388409241553,0.0
131,6.262574608752413,2.0440000000000182,0.05303030289271972,0.0
132,4.92863555054883,2.328400000000009,0.058542962955451965,0.0
133,12.884230630431269,4.477199999999996,0.10910872097462669,0.0
134,8.899928473780818,5.408400000000007,0.1728226999222783,0.0
135,6.323550668216763,7.511400000000009,0.19604178958264273,0.0
136,12.173900320231393,1.4007000000000005,0.04342044067261714,0.0
137,7.571964309228748,6.302599999999998,0.14609880052272795,0.0
138,8.80056816571915,4.989200000000004,0.15256372574317578,0.0
139,2.9313190694509745,8.715900000000005,0.19434874763505744,0.0
140,11.261817294467972,4.154600000000002,0.11478856669073577,0.0
141,6.57650832447704,5.8115999999999985,0.15729303078605092,0.0
142,3.8577080389959173,1.6332999999999984,0.04066293545748491,0.0
143,5.056205430765221,4.496400000000001,0.12172994890902217,0.0
144,20.11548762589332,3.757499999999993,0.11354467869486395,0.0
145,6.215409705617476,4.281300000000002,0.09704224340450876,0.0
146,4.612203074980324,8.164600000000007,0.20072969322198714,0.0
147,11.962710911929387,1.1741000000000028,0.03353651560275899,0.0
148,8.21473386413635,5.153399999999998,0.13836785287811826,0.0
149,4.055423260591608,7.444699999999997,0.18639989537549403,0.0
150,4.6229364974690395,3.9366000000000057,0.0889311586873559,0.0
151,44.180412761750965,9.7954,0.26302377653149367,0.0
152,4.445130366741721,2.9697999999999993,0.07375746298527366,0.0
153,10.874382995037553,2.1906999999999996,0.06074259728674764,0.0
154,6.02098327778566,3.611699999999999,0.09533475495102267,0.0
155,4.505322465214718,6.112100000000005,0.14643092405114727,0.0
156,3.6030344343642775,4.798099999999998,0.10635925513196147,0.0
157,7.283327595880067,1.8230000000000075,0.053241822274410794,0.0
158,4.473411441717764,8.052599999999998,0.21976180539549311,0.0
159,7.142724976014152,2.7657999999999987,0.08114396002609944,0.0
160,28.296231447759865,1.9283999999999963,0.051468193885234166,0.0
161,3.567377440907524,2.264099999999999,0.052122085408021254,0.0
162,7.8967740201871575,5.088600000000007,0.14601057606543733,0.0
163,12.133624253232968,2.5960999999999927,0.07578769730523874,0.0
164,10.750970802245769,8.003700000000002,0.2238440298362387,0.0
165,8.416819341259165,7.220100000000002,0.23162355523881104,0.0
166,7.398675678809555,7.606999999999999,0.1793811851859457,0.0
167,4.198793095530909,3.237499999999997,0.08111310967967364,0.0
168,6.993933806021669,4.107900000000001,0.11404370824853778,0.0
169,3.1083562432723646,5.856200000000008,0.12951638664824475,0.0
170,4.142510150581787,6.549300000000002,0.16099320029450603,0.0
171,3.3065427934156073,7.737699999999997,0.18335564701044849,0.0
172,4.625725627547987,4.245199999999997,0.10483140076099458,0.0
173,7.449252231216926,8.162600000000005,0.21638544577802268,0.0
174,5.230621521013838,6.184999999999995,0.14181063604578595,0.0
175,6.350639794045976,1.0243000000000038,0.02764493137308406,0.0
176,8.779015771923586,5.8581,0.16498948015684867,0.0
177,6.564847226238743,2.4779000000000053,0.07365101423248574,0.0
178,5.94201510366337,2.379499999999993,0.06201685737291189,0.0
179,6.866643437540185,0.6525999999999996,0.018620496759758208,0.0
180,8.19923665091157,14.148799999999994,0.4028976911779342,0.0
181,9.18725536989783,7.5482000000000085,0.20158152324727416,0.0
182,10.413745367229406,5.931899999999999,0.15602872282595417,0.0
183,3.319727696503611,2.233300000000007,0.04667010767023516,0.0
184,5.520285801834175,5.6006,0.1512657693842096,0.0
185,8.212857458548786,4.974199999999996,0.13830745579481188,0.0
186,10.03165296618864,6.4482,0.18245508744031744,0.0
187,10.20685454648216,3.8888999999999996,0.1028814964553212,0.0
188,16.25377743958908,11.389000000000003,0.33119496466402154,0.0
189,3.6724416177893637,4.795000000000002,0.1106904588963493,0.0
190,5.81009609104489,5.537700000000001,0.15567887551009138,0.0
191,4.151865403968084,5.821099999999994,0.13911166945686984,0.0
192,4.665088347367725,5.368099999999998,0.12583981479331094,0.0
193,5.958236280071962,5.479200000000006,0.12603829978483355,0.0
194,6.126453324754659,7.0748999999999995,0.1703592399333501,0.0
195,9.79057550715162,3.7051000000000016,0.10282918298707477,0.0
196,8.224616834757407,2.6295999999999964,0.07622161522744844,0.0
197,5.733902004193239,3.319900000000004,0.08166051304600314,0.0
198,2.62738926453861,5.507400000000004,0.13527009037343316,0.0
199,7.059768430944575,5.347500000000004,0.13582366637332743,0.0
200,3.648365310033482,3.905299999999997,0.07892556288716918,0.0
201,3.8048359347314533,5.672000000000004,0.15598573204669208,0.0
202,4.4240229456417595,4.245000000000012,0.10274445046181918,0.0
203,15.163597113092559,1.8585000000000065,0.049867449314527475,0.0
204,5.569932431905616,1.8052999999999955,0.050271924383896806,0.0
205,12.00962150679269,3.6225000000000023,0.1128026751507067,0.0
206,3.8492686873241126,2.6200000000000045,0.06550294746887884,0.0
207,11.30664385444111,0.6638999999999982,0.01832550328659574,0.0
208,4.904820840904333,3.290399999999998,0.09083806538209996,0.0
209,7.611085277595106,6.037999999999997,0.17564171134124834,0.0
210,5.239175545282329,1.1197000000000088,0.032786741141440506,0.0
211,4.579711005859193,2.562199999999997,0.06264026935990578,0.0
212,5.893601693269139,6.122500000000002,0.14504890998308714,0.0
213,6.774871004859143,3.429700000000004,0.08986882696544651,0.0
214,8.954092782364086,5.0685,0.1442324105487792,0.0
215,3.7541336338661777,8.274500000000003,0.2188071836060356,0.0
216,4.040029359573122,8.48429999999999,0.18670613048125909,0.0
217,5.535938303648261,3.235599999999998,0.07744783095939027,0.0
218,6.182497281887192,8.547700000000006,0.1905089848810861,0.0
219,8.143834021640943,2.0812000000000026,0.053643599333853376,0.0
220,23.387081123046602,1.2406000000000006,0.04019921377194347,0.0
221,7.025900698496051,9.685699999999997,0.23577825486608156,0.0
222,4.670530397160345,2.1826000000000008,0.05803490694090975,0.0
223,3.722863690863889,3.4976000000000056,0.08217523775001309,0.0
224,9.90422171897924,5.087499999999999,0.16477092334947002,0.0
225,5.352172044156519,8.2029,0.20806077232232748,0.0
226,5.386113381560098,2.6152999999999977,0.07316158863240836,0.0
227,3.995546678973522,10.478699999999996,0.24017740438658355,0.0
228,5.273294854594717,5.772800000000004,0.16389523695394934,0.0
229,4.833773889762609,1.0228000000000037,0.022060742485779137,0.0
230,5.953405506255688,5.452799999999996,0.1363196588600536,0.0
231,12.131956620494373,1.9543000000000035,0.061017531070710465,0.0
232,5.676328684594845,0.5848999999999904,0.01728305316028665,0.0
233,5.621451351932268,5.391000000000005,0.11644810571170712,0.0
234,5.88772740507603,8.368899999999996,0.22450030655026074,0.0
235,4.942257610624503,8.58590000000001,0.20861842693989135,0.0
236,4.313668259522421,9.493200000000002,0.2492608709656171,0.0
237,7.366058894495339,5.662699999999994,0.17261434767763206,0.0
238,23.19199631354667,2.344299999999997,0.0744328552509632,0.0
239,6.4420483281479495,5.704499999999996,0.1414420665457288,0.0
240,13.24451029900831,0.9452000000000034,0.03192574517524805,0.0
241,38.334088107511725,3.4739999999999966,0.10169580804346562,0.0
242,3.696012260503408,6.679000000000009,0.1537296527359469,0.0
243,4.779856413314808,3.4893000000000143,0.08204461375558858,0.0
244,4.51693090059096,3.4606999999999957,0.10110107741110566,0.0
245,9.719698786169285,0.8385000000000034,0.021838781034408786,0.0
246,4.729618424076538,9.405700000000003,0.24006135659650915,0.0
247,6.748798935736173,3.8389999999999915,0.08267684298360907,0.0
248,4.776994219747694,3.5857000000000028,0.08838565575421105,0.0
249,5.303959849053079,2.2552999999999983,0.06826794990837884,0.0
250,9.527281314949219,5.708099999999995,0.1276977006143213,0.0
251,6.851435456323457,5.185100000000006,0.14011435883685897,0.0
252,6.577467282019579,4.846299999999992,0.13336286948154347,0.0
253,5.788833189939987,5.044499999999992,0.1389925960466734,0.0
254,9.989438843476282,5.5035000000000025,0.14832032947050897,0.0
255,9.547301309566134,3.5171999999999954,0.10650532766920309,0.0
256,2.8075466081168052,4.915599999999998,0.11044157733462387,0.0
257,26.784440861203052,3.364299999999993,0.10482252765266271,0.0
258,5.269632283931975,4.541700000000006,0.11399420173940705,0.0
259,7.497088725902496,6.547199999999997,0.18756499489328565,0.0
260,3.5384008502590856,5.488100000000003,0.1366177755789776,0.0
261,6.690105630960697,4.304699999999997,0.13318997483542697,0.0
262,9.390030137780801,4.849899999999998,0.14003453253477965,0.0
263,5.6599288138632105,1.086500000000001,0.0302861363077224,0.0
264,4.9355315150288215,4.218800000000009,0.1099224068131613,0.0
265,9.575631934050804,4.206200000000003,0.1428033063103998,0.0
266,5.408595748232442,7.233399999999989,0.19390361865343556,0.0
267,4.223105060227477,6.888600000000004,0.17169048513867521,0.0
268,2.955661183752031,4.219900000000003,0.08962073794525634,0.0
269,10.326800028006668,6.72910000000001,0.18366851128451844,0.0
270,7.915648110796769,2.1066000000000003,0.04696372150160019,0.0
271,7.723763503435581,2.451900000000002,0.0750990076998031,0.0
272,6.602366336576825,5.631099999999996,0.15623630034726976,0.0
273,3.946181359135551,6.439600000000006,0.15221805372823136,0.0
274,8.352901506839421,6.611399999999996,0.18287127265596415,0.0
275,3.719798664605148,5.158599999999993,0.11853645843196083,0.0
276,7.368561379157801,3.284400000000005,0.08740104025599481,0.0
277,5.900414878942111,3.471899999999991,0.08739308364656842,0.0
278,3.243139939515552,5.642899999999997,0.12803443325543024,0.0
279,8.566855612839591,4.730699999999992,0.1150831489800149,0.0
280,2.4211131437004414,8.224300000000007,0.18473270398757272,0.0
281,19.595685275109833,3.142000000000003,0.09223272444010834,0.0
282,2.6317760309179046,7.935400000000001,0.1660090789606722,0.0
283,7.087429904195983,1.955999999999996,0.05247752386445569,0.0
284,6.726688054441418,2.887200000000007,0.08207728978332979,0.0
285,9.232671391738238,6.843800000000002,0.22988992159903154,0.0
286,4.548379005704952,6.755300000000005,0.1765999158825686,0.0
287,7.438847150966862,4.275800000000004,0.12700987037908745,0.0
288,8.119485642120038,4.633399999999995,0.12905687669473306,0.0
289,4.501684189566338,6.0167,0.1461815245081124,0.0
290,38.79861846551278,5.181599999999996,0.15473328648552337,0.0
291,4.341007287368067,5.0966999999999985,0.12208658879504772,0.0
292,9.624755565916185,8.638599999999997,0.2340246843025673,0.0
293,5.692062700667171,5.633500000000005,0.14932949466451045,0.0
294,6.39077066771668,3.2168000000000063,0.08213875320547791,0.0
295,4.685435667040658,3.5175999999999945,0.08748921161841294,0.0
296,5.236310765849682,0.695999999999998,0.018125471970297423,0.0
297,3.4922764096637526,8.180900000000001,0.20493852469278007,0.0
298,5.595051019713153,3.4346999999999923,0.09765244039367883,0.0
299,13.048222028131981,7.798900000000003,0.2313506547513649,0.0
300,39.48284656666707,7.581099999999992,0.23074488057871134,0.0
301,6.681065211607748,1.5065999999999988,0.04027846831598659,0.0
302,7.745751658673341,2.6996000000000038,0.07079154028296816,0.0
303,5.600069791622136,8.672500000000007,0.2131856781180526,0.0
304,17.019024244055927,1.288300000000003,0.044020515193380405,0.0
305,9.873346454430651,10.325299999999991,0.29075687436075626,0.0
306,4.651217950099232,0.4128000000000043,0.010379657052962869,0.0
307,5.030985947961368,5.031700000000008,0.15669025000719294,0.0
308,9.129505366494586,7.204500000000003,0.20530437251635897,0.0
309,3.225582994643865,3.224400000000003,0.08005144087119272,0.0
310,5.170970327884044,3.1709999999999994,0.06997605660320186,0.0
311,8.593990130851326,3.2708999999999975,0.09344894550754536,0.0
312,3.128726198457535,9.230700000000006,0.21173661271943572,0.0
313,4.492012454618291,2.165600000000005,0.05700117377514036,0.0
314,5.083895601484451,3.5453000000000046,0.09648623834442485,0.0
315,12.801470830349439,7.592500000000001,0.20495122146082587,0.0
316,9.968931761918666,5.6680999999999955,0.1702607630051011,0.0
317,7.691391654450181,6.093199999999996,0.17088082156151602,0.0
318,3.927680198333418,2.918999999999997,0.07575089121935599,0.0
319,8.650789684566446,4.588900000000002,0.1405280093201653,0.0
320,4.794824411214514,1.571799999999996,0.04217332964267945,0.0
321,5.020864282121293,8.430999999999997,0.19268699004525885,0.0
322,7.510169757338536,5.5623000000000005,0.1662387882550089,0.0
323,11.506270577736718,8.5807,0.28283297641657773,0.0
324,5.351373521068461,6.773699999999998,0.18758359751211254,0.0
325,10.990051675830587,8.77940000000001,0.21331072065729798,0.0
326,4.023653009549692,2.220399999999998,0.06457842519681689,0.0
327,13.969726036339317,4.933199999999999,0.11821257723592533,0.0
328,4.451481827857488,6.275800000000004,0.14982655722208862,0.0
329,11.230816821935814,3.8561999999999976,0.13844430512732794,0.0
330,3.844385581533491,5.6068,0.15507117665504716,0.0
331,6.950757669160202,4.134499999999996,0.11445774762417386,0.0
332,4.354523907652097,4.330199999999991,0.11477843188949301,0.0
333,4.743205998868878,4.032000000000004,0.100941317592276,0.0
334,6.692154445919754,4.943399999999997,0.14473557037615434,0.0
335,6.832869801180661,3.8419999999999987,0.09590637995624954,0.0
336,4.611055446088446,3.2695000000000007,0.07518494398167475,0.0
337,5.537889596762133,3.461199999999998,0.09146789403057055,0.0
338,5.953627294107206,3.172699999999999,0.07545639602667407,0.0
339,4.325534237886853,2.4228000000000023,0.06281044854248435,0.0
340,9.806249188653956,5.461100000000002,0.1517048070411721,0.0
341,6.050424536816901,5.447400000000002,0.1477232970554504,0.0
342,4.4076241495375035,6.928699999999999,0.15075631608900789,0.0
343,11.297242261349691,5.246699999999997,0.13441634266620114,0.0
344,10.172763191980186,5.451700000000002,0.13599467132980114,0.0
345,6.620638511484916,6.989700000000006,0.1813819871875453,0.0
346,10.163636760960546,4.258099999999999,0.11748978371270644,0.0
347,9.271779184462938,6.027100000000004,0.1529740221247123,0.0
348,3.793035253017472,6.013099999999994,0.14070075405575333,0.0
349,6.5293746068418885,4.143600000000006,0.12851878922459856,0.0
350,9.708631135473722,2.070200000000007,0.05607486746190989,0.0
351,2.5518478561271207,2.4010000000000034,0.04660715073927538,0.0
352,3.6894709476353493,6.919700000000006,0.14530560617259455,0.0
353,7.062158326283727,6.6462,0.1962140038255147,0.0
354,4.596463992453051,5.460700000000003,0.1321672157627511,0.0
355,17.278565894785352,5.535400000000003,0.1652037659403288,0.0
356,3.8791510781040843,2.7317000000000036,0.06988250143929131,0.0
357,9.98523334552192,2.225500000000004,0.05669673664054524,0.0
358,6.71638860199852,9.559899999999992,0.24809257310998017,0.0
359,6.979297477769934,4.104200000000006,0.12102286430110695,0.0
360,6.474285929476391,4.274500000000003,0.09580300129141199,0.0
361,4.217221736314077,6.702299999999994,0.15509054606670167,0.0
362,8.916010515404544,3.7772999999999968,0.11028452107185426,0.0
363,5.419842412757086,4.703299999999999,0.1282933944482661,0.0
364,5.169520193703718,4.211799999999997,0.1132606190549855,0.0
365,3.784036756007359,2.462299999999992,0.057833051348569295,0.0
366,6.442593443669125,6.260499999999993,0.17027543749874066,0.0
367,3.4908593696046326,7.578500000000005,0.16839352296894888,0.0
368,17.618896122353704,4.227599999999995,0.12716536934337172,0.0
369,6.32491606765136,4.494000000000007,0.12420334601658455,0.0
370,23.449513368943627,7.813600000000001,0.2423821289326075,0.0
371,3.935912975025183,3.2549999999999955,0.07044737857740138,0.0
372,6.043405806114811,6.737399999999987,0.17900097989313948,0.0
373,8.253649020847325,8.032199999999989,0.2011529941770435,0.0
374,4.729173370658437,3.9566000000000017,0.10650823831370959,0.0
375,6.828538464381519,6.906599999999997,0.19460857602456882,0.0
376,37.00484497201307,7.671700000000001,0.29189939771745155,0.0
377,4.2836801419300485,4.479700000000001,0.11416826135535914,0.0
378,5.3192297102870025,6.438299999999998,0.16384777432955386,0.0
379,5.184739042584063,2.1921999999999997,0.05841115876843857,0.0
380,6.101537569113256,9.168599999999998,0.2384408728777189,0.0
381,9.789770199478191,2.6944000000000017,0.07699869665474417,0.0
382,9.053999341346682,6.832599999999999,0.18262782375335693,0.0
383,10.572113277619566,3.0941000000000045,0.09319241445130787,0.0
384,6.088822093154957,2.6781000000000006,0.07311759241571836,0.0
385,4.740784938268504,7.180400000000006,0.17058985600312224,0.0
386,3.1075002803758798,2.2383999999999986,0.053680072966720734,0.0
387,6.4569984006883345,5.073299999999996,0.1362080395411994,0.0
388,5.681366874425559,5.6000000000000085,0.15166739299549248,0.0
389,7.04812052801324,7.461500000000001,0.234591150728812,0.0
390,5.687486587914087,7.672800000000002,0.22255223798728344,0.0
391,6.272582048936913,4.329300000000011,0.12847121207269413,0.0
392,5.816850343831695,7.105427357601002e-15,1.8690131622460664e-16,1.0
393,12.899133158763824,9.253699999999995,0.2663157493249341,0.0
394,32.64601040439385,6.621600000000004,0.22749088632158188,0.0
395,2.845699463677803,3.6258000000000052,0.07204826253552296,0.0
396,4.7217593230584445,0.4876999999999967,0.012863186512609405,0.0
397,4.79489781467737,7.806100000000001,0.17252727298891546,0.0
398,9.456768329609096,5.771599999999992,0.1652986288161406,0.0
399,26.344499276289927,1.8479999999999954,0.058869251459405386,0.0
400,4.15599669204457,5.195300000000003,0.11399301355551439,0.0
401,6.834831206547735,6.288100000000007,0.17139111284870223,0.0
402,5.334397948781432,2.9298,0.08764167934224863,0.0
403,9.437662421745785,6.0478999999999985,0.1741931762433411,0.0
404,6.46211968159104,3.6332999999999984,0.10397939442232407,0.0
405,5.361083054030357,7.218100000000007,0.18709774364206277,0.0
406,3.2916879757500315,4.947000000000003,0.1156305802433909,0.0
407,21.24146668324579,0.23120000000000118,0.006740249649459678,0.0
408,4.980592398190227,7.513300000000001,0.1763569526501616,0.0
409,7.4885849785654,2.139399999999995,0.05681929833233911,0.0
410,30.568054802839015,5.979800000000001,0.18764513114371612,0.0
411,6.72251041440932,3.649499999999996,0.10797528918272119,0.0
412,3.504571441095137,9.819299999999998,0.22603345113224252,0.0
413,30.093471818195976,5.295300000000001,0.1721477748124272,0.0
414,5.8061250784539,4.049999999999997,0.12134976862239608,0.0
415,3.9357862257098133,2.6576999999999984,0.07342726875693525,0.0
416,9.863456031222775,2.036299999999997,0.06075243134807429,0.0
417,28.326110363217293,6.2705000000000055,0.1603901232107438,0.0
418,11.34138121994926,7.489600000000003,0.24434454014333737,0.0
419,9.327883821488092,3.193400000000011,0.0799225149540687,0.0
420,5.540520425432873,5.531799999999997,0.13247757802383434,0.0
421,6.314517129580119,6.023900000000005,0.17776905522391478,0.0
422,4.111490320294697,4.471199999999996,0.10792987139291157,0.0
423,8.094151407382988,3.5711000000000013,0.09185400459937756,0.0
424,4.397905929936793,2.4924999999999926,0.05841039351519146,0.0
425,4.082496568577126,2.8425000000000082,0.06536376038723016,0.0
426,4.365359665564794,6.386999999999993,0.13544262162068285,0.0
427,4.027684300262079,5.969900000000003,0.1615486192055339,0.0
428,6.9428691887373155,7.407600000000002,0.16014908817291096,0.0
429,13.677801632333482,5.6839999999999975,0.16610557766953754,0.0
430,5.1653074856825825,1.7697000000000003,0.04370654834169362,0.0
431,4.0046363680002885,1.3803000000000054,0.03533025318266583,0.0
432,8.812716411262189,4.572500000000005,0.12165433905801552,0.0
433,12.219251830877013,3.9824999999999946,0.11700777373206224,0.0
434,4.089338073659609,8.681400000000004,0.20640906102253723,0.0
435,5.11472945875245,5.65590000000001,0.12295167469630752,0.0
436,6.948187051816018,7.045800000000007,0.18389958530353817,0.0
437,8.804039842926375,4.859700000000004,0.12702142474817263,0.0
438,4.493968840473089,3.3884999999999934,0.07796860529047839,0.0
439,4.66086638169788,4.8211999999999975,0.1437439247716354,0.0
440,3.6747781076721737,11.059400000000004,0.24189519586285338,0.0
441,16.77426777031518,5.547600000000003,0.15485534955266433,0.0
442,14.808452441941535,2.015800000000006,0.06609245315169528,0.0
443,3.353671815008148,0.9217000000000084,0.022511564690495953,0.0
444,4.440326392033281,3.410800000000002,0.09973565985620485,0.0
445,10.370346286232277,4.4693000000000005,0.14831862586883318,0.0
446,9.956788577855855,7.510399999999997,0.2320990394142544,0.0
447,4.495743094472718,3.1476999999999933,0.08589524560551191,0.0
448,3.6227116338555465,8.7104,0.16965943033344155,0.0
449,14.5974915378966,1.781099999999995,0.052333114769881894,0.0
450,14.31177104279284,1.3660000000000068,0.037326381670925834,0.0
451,12.941189703128973,1.674900000000001,0.048108159205555744,0.0
452,7.909351851116828,0.7897999999999996,0.0221994237307303,0.0
453,3.7439534864726944,1.9662000000000006,0.05297617108814767,0.0
454,22.082474864445324,3.587999999999994,0.10910948623326092,0.0
455,5.745956312761432,6.065199999999997,0.14776772082745307,0.0
456,4.769726890051797,5.164299999999997,0.13463142711807602,0.0
457,7.759178116761708,3.674199999999999,0.10257455345207242,0.0
458,4.83647727618684,6.230700000000013,0.13841047949864527,0.0
459,2.623108595675161,8.440499999999993,0.16933629687200547,0.0
460,9.098696534064631,3.3730000000000047,0.09474905378827952,0.0
461,3.349883425478493,5.132499999999993,0.12311017161519527,0.0
462,5.880904950580266,4.963499999999996,0.13902387749030484,0.0
463,5.957314816070028,4.9658000000000015,0.1169882438876994,0.0
464,4.275075172135604,2.3201000000000036,0.05825649818645178,0.0
465,10.156814302163811,8.892200000000003,0.22699413068718527,0.0
466,4.351614541696612,2.1140000000000043,0.05175283966962202,0.0
467,3.406583633743322,5.7490999999999985,0.13312570160557197,0.0
468,5.033501775198802,4.048499999999997,0.12262385017196756,0.0
469,5.617819786900485,3.737800000000007,0.10099732739693086,0.0
470,5.315500340273067,6.808300000000003,0.16046033646055294,0.0
471,3.4792296599485835,0.3301000000000016,0.007063863646537514,0.0
472,5.949525916215031,5.360400000000006,0.15039771011209502,0.0
473,6.126439534411648,4.045200000000001,0.10175861358100013,0.0
474,10.931538211589405,5.423299999999998,0.1704352247765255,0.0
475,6.948365001099641,4.399299999999997,0.10756471387496362,0.0
476,6.623933239941927,2.9087999999999994,0.07205225554163722,0.0
477,3.6343474396904014,1.358699999999999,0.035418230638403395,0.0
478,12.410191968957784,5.196399999999997,0.17330749649540408,0.0
479,3.5393311283478104,5.683300000000003,0.11827370683430344,0.0
480,12.953905796532354,3.273399999999995,0.0728087206919903,0.0
481,6.873410107446636,7.070999999999998,0.17307889966495754,0.0
482,4.460657336829258,0.644599999999997,0.017132180334053036,0.0
483,3.7924162313917753,4.2697999999999965,0.11672147607173783,0.0
484,11.357021864638806,5.295700000000011,0.16474207766976934,0.0
485,9.8094878179919,8.747700000000002,0.2751956753812992,0.0
486,5.439274727400179,4.783199999999994,0.12470864261580313,0.0
487,5.275742458111486,4.689900000000009,0.12216239838772852,0.0
488,9.230125777146394,1.711500000000001,0.04400059633083979,0.0
489,5.249717781276127,2.488199999999999,0.06927349396752785,0.0
490,21.187983377148054,2.045100000000005,0.06461999278117819,0.0
491,2.913487084472957,2.318399999999997,0.05746593646755527,0.0
492,5.0365546832983785,0.7299999999999969,0.02190850043244219,0.0
493,3.4583285302552245,1.7586999999999975,0.041660547100176304,0.0
494,5.846298390599219,7.432599999999994,0.1878660268787839,0.0
495,9.484663657687136,2.8851999999999904,0.08109004423502357,0.0
496,8.560661440025774,5.084600000000002,0.1622860347632671,0.0
497,7.256827677385575,2.8290000000000006,0.07628482884778677,0.0
498,4.661265603428414,6.6850999999999985,0.18998345963662552,0.0
499,12.283691580050435,5.313999999999993,0.1803373258888336,0.0
500,12.659262089267456,5.285200000000003,0.1328557240605415,0.0
501,9.453493142556319,5.851799999999997,0.14903842442500717,0.0
502,5.811381533367914,3.148299999999999,0.07342203133566846,0.0
503,9.235953352412745,7.050799999999995,0.16331692590580352,0.0
504,5.919611638311341,7.848100000000002,0.2087382766844383,0.0
505,3.2287749066572062,8.041800000000002,0.17378094202379032,0.0
506,9.580246224429958,1.3965999999999994,0.034864620536163675,0.0
507,5.46903867444542,6.693899999999999,0.1793380409709742,0.0
508,7.631832027092595,5.627699999999997,0.1436935392071065,0.0
509,2.7769887065543557,2.323199999999993,0.05071027553039222,0.0
510,9.721141886175696,5.663699999999999,0.1494435146695563,0.0
511,7.9403711526625225,2.021500000000003,0.06158453345767682,0.0
512,4.411906178556575,7.115899999999996,0.1645374684908689,0.0
513,5.3985485457159825,1.7222000000000008,0.039805847590879836,0.0
514,22.971123674978827,4.2459000000000024,0.13372786986665372,0.0
515,4.231357675416982,4.652100000000004,0.11586886049990706,0.0
516,4.291887508304296,9.584699999999998,0.25183197997936935,0.0
517,5.311344586650646,3.5208000000000013,0.1031733237318768,0.0
518,5.419710236610492,9.400500000000008,0.2708328523784983,0.0
519,10.478827385484314,2.6845,0.07479778525332113,0.0
520,20.85824925277924,1.1244999999999976,0.03381863337889002,0.0
521,13.479838770313782,4.718800000000002,0.12256018502318027,0.0
522,7.911514452753063,6.074799999999996,0.1578357981873986,0.0
523,5.0062175950324175,2.6463000000000036,0.06856605388648238,0.0
524,8.163565987162999,2.696099999999994,0.0661629372060374,0.0
525,5.327872548415919,4.112500000000004,0.11512352126776268,0.0
526,3.6675242222677302,3.036200000000001,0.06744802874694433,0.0
527,5.8725117505145095,3.0393000000000114,0.08256297533525067,0.0
528,6.511957067011599,7.236400000000003,0.19181517156167213,0.0
529,4.798780530402017,9.11630000000001,0.22640754941907995,0.0
530,3.576468223965808,9.095300000000002,0.21716229877117582,0.0
531,4.429258808304449,2.5790000000000006,0.060438465813391934,0.0
532,15.950634954750488,3.8538000000000068,0.12099766996440335,0.0
533,7.505476787150976,7.092699999999994,0.1891744831976866,0.0
534,13.33226666860244,3.6122000000000014,0.11465554418801092,0.0
535,4.624008817518123,3.973699999999994,0.09452390728030816,0.0
536,7.296820267180035,6.0327000000000055,0.1601230506905753,0.0
537,6.675485570659829,3.6465999999999994,0.09878235402803061,0.0
538,5.003590090594278,4.180300000000003,0.11456674647056499,0.0
539,17.754342066859962,7.030200000000001,0.20763778070873126,0.0
540,3.260348121628063,9.123200000000004,0.24163128599260197,0.0
541,2.6452664674469437,2.643199999999993,0.0626248313365234,0.0
542,5.949462278673502,8.915500000000009,0.2239068353079727,0.0
543,10.806868744615727,3.1452000000000027,0.078946179250533,0.0
544,36.72484323582589,6.731700000000004,0.1967729200193716,0.0
545,5.957063049743671,4.650199999999998,0.13767152649642053,0.0
546,52.54198015516742,10.589200000000005,0.3047576279927429,0.0
547,14.638492327163622,4.562400000000004,0.12867888624768697,0.0
548,17.542950657705155,2.569200000000002,0.06931905850699331,0.0
549,4.740823253283948,9.711800000000004,0.24521898909414827,0.0
550,3.8992800979917823,3.590200000000003,0.0883211066133299,0.0
551,4.535130453296888,0.4485000000000099,0.011213256866805615,0.0
552,9.38673739379602,7.1889,0.22754291936486215,0.0
553,7.825955089063589,13.064300000000003,0.33811087644869875,0.0
554,4.020249156778991,4.707000000000001,0.1054385880022701,0.0
555,9.557094960920711,5.028400000000005,0.1352534856062429,0.0
556,6.259672728439006,9.656299999999995,0.2674527131718231,0.0
557,7.530599483170287,2.8063000000000073,0.08130361573719218,0.0
558,5.278539738840527,2.597599999999993,0.0565741041999909,0.0
559,29.928916912378273,4.261299999999991,0.14472558027195465,0.0
560,6.100288042734991,7.9878,0.18698558904513798,0.0
561,15.3031588725934,6.674300000000002,0.18846235245884504,0.0
562,6.898288206955829,1.5638999999999967,0.04451281805072381,0.0
563,4.739208853472854,5.587900000000005,0.1337326874726687,0.0
564,3.931718055775876,5.400499999999994,0.12513700045384132,0.0
565,9.140909080034431,4.205399999999997,0.108898251038,0.0
566,4.245803561045716,5.046500000000002,0.13357455153049058,0.0
567,12.137913183782528,6.222899999999996,0.15979303308692572,0.0
568,9.222178459381139,13.189700000000002,0.3785542275379231,0.0
569,4.546000773430874,6.158200000000001,0.1441091052933241,0.0
570,8.82096942286204,3.724800000000002,0.10374707165826791,0.0
571,18.486398416748894,2.5940999999999974,0.07718606039803713,0.0
572,6.124243520170724,4.7938000000000045,0.1175532981585166,0.0
573,4.116498040591892,1.7942000000000036,0.03921517191506701,0.0
574,5.260179759219414,6.988900000000001,0.19539313976752348,0.0
575,3.5244750941148135,2.610199999999999,0.05643041202625775,0.0
576,33.90800860505184,4.643499999999996,0.1555048754370113,0.0
577,6.15714294257517,0.34840000000000515,0.009976347666049218,0.0
578,7.8380007565986665,9.765999999999998,0.2750621740922689,0.0
579,11.4636709186312,1.1094999999999935,0.035301566583617675,0.0
580,5.911857892435705,8.799799999999998,0.22916563523510672,0.0
581,4.68405502447648,2.5693999999999946,0.06699170864318776,0.0
582,5.516375103605848,5.596799999999995,0.16832126791820526,0.0
583,10.48290819191886,6.443300000000001,0.1523984546754595,0.0
584,3.2870560131684257,6.6081999999999965,0.14650963735858372,0.0
585,3.6470048590398045,5.6081,0.1249161928751012,0.0
586,7.582780440195172,8.698500000000003,0.2267720594016564,0.0
587,5.3446264329491235,4.872000000000007,0.1357878450485994,0.0
588,5.817290920308285,8.036700000000003,0.21995456724518433,0.0
589,5.002685041473252,4.554699999999997,0.12028881749944183,0.0
590,5.354485928407663,6.150300000000001,0.15527962816690707,0.0
591,4.55011948617666,3.6055000000000064,0.08690192390109773,0.0
592,7.731629797953008,8.015199999999993,0.21742385548815676,0.0
593,15.233865793399318,4.947900000000004,0.1408642769147474,0.0
594,5.4212272992794945,1.3482000000000056,0.03832084100540112,0.0
595,5.242592407952354,2.4051999999999936,0.06312827737615985,0.0
596,5.720997730039453,1.9212999999999951,0.05840580970033815,0.0
597,3.3841521647457102,6.351100000000002,0.13742597022716593,0.0
598,4.251505537734824,7.375,0.1581213253501796,0.0
599,16.06805411090003,6.691800000000001,0.19247008688313944,0.0
600,5.610658534595889,6.693299999999994,0.15968136690551848,0.0
601,8.112318887883745,6.776600000000002,0.20983044064878675,0.0
602,11.270938671963098,7.724199999999996,0.2099241199669409,0.0
603,4.720539058653845,2.6644000000000005,0.07266241573717169,0.0
604,7.720805523613477,0.6800000000000068,0.018263270365525386,0.0
605,7.145893045285145,5.582599999999999,0.15159110061017927,0.0
606,3.514724562402397,4.486800000000002,0.09678609234502411,0.0
607,3.932069751632511,5.090500000000006,0.1113692696701273,0.0
608,6.116021001091361,7.119300000000003,0.2025226787892884,0.0
609,8.754773068260544,4.450299999999999,0.13497823771256653,0.0
610,5.7193668225839005,1.6266000000000105,0.04299966680148788,0.0
611,6.62063272276665,6.636200000000002,0.20524541426639845,0.0
612,10.278748425011793,7.578000000000003,0.20824631156086826,0.0
613,7.088968853827318,7.825200000000002,0.21360134896081484,0.0
614,10.160474713347291,3.735500000000002,0.10857528154997642,0.0
615,4.375131671676497,5.511899999999997,0.14168789502338475,0.0
616,7.081201172611305,7.057599999999994,0.17680598795304767,0.0
617,4.04757889295413,2.6614999999999895,0.06391598568724731,0.0
618,4.698766390276914,2.0800999999999945,0.04652801378208026,0.0
619,5.57476200538153,5.292000000000002,0.13259037258448414,0.0
620,6.9718337282234035,2.787300000000002,0.06972241590880181,0.0
621,9.315178391809988,4.030399999999993,0.10487394230977153,0.0
622,4.498808255516948,4.551699999999997,0.11137537563190995,0.0
623,8.349689290656734,5.1358999999999995,0.1470938653930488,0.0
624,7.551310385033855,9.393500000000003,0.2210526558298208,0.0
625,3.6694101686601357,3.4484999999999957,0.07672642789534308,0.0
626,12.615759245454855,6.4857999999999905,0.17909104163983766,0.0
627,5.0342001377113945,2.158200000000008,0.051254648704848624,0.0
628,5.952739505216132,9.881499999999996,0.22985043327708013,0.0
629,8.169885623080498,3.7531999999999925,0.09094169164596959,0.0
630,9.462691808544545,1.9833000000000034,0.06915030832554557,0.0
631,4.201421448567347,10.009099999999997,0.21096083234596288,0.0
632,2.663659232697954,0.8086000000000126,0.020693696891611275,0.0
633,3.7526095591127544,3.9598999999999975,0.09380203931304364,0.0
634,4.5162955067598585,4.634700000000002,0.1271285463147382,0.0
635,4.481731346683338,5.989000000000004,0.1331551702777491,0.0
636,15.607133187642853,5.83829999999999,0.16118727972151928,0.0
637,6.627627888046922,2.3995999999999995,0.06890511599840021,0.0
638,14.572197453641774,3.934100000000001,0.10534560431508193,0.0
639,36.20933212345524,7.907200000000003,0.23484756163635476,0.0
640,9.913366688364484,1.6631999999999891,0.048131963397100054,0.0
641,24.151487870163653,3.612800000000007,0.10291206242031353,0.0
642,14.110414047261756,2.0726999999999975,0.06004153963795601,0.0
643,6.446816015696503,6.487599999999993,0.17971788486121987,0.0
644,4.702893678409262,5.704900000000009,0.15634874697821316,0.0
645,4.047154431710242,4.425000000000004,0.11300545972662786,0.0
646,9.879125155648275,2.632100000000001,0.08000693018503356,0.0
647,5.286954788780857,4.982000000000006,0.129926352126165,0.0
648,3.1359222786435232,4.160399999999996,0.09571443010363201,0.0
649,7.463829689129304,5.264100000000006,0.15642290388249833,0.0
650,8.517359840037733,1.4761000000000095,0.04459301047504377,0.0
651,6.159111149083134,2.3393999999999977,0.06628603792226093,0.0
652,7.117599333030824,4.9465999999999894,0.11894582413026683,0.0
653,6.450530248982436,5.4328999999999965,0.13678202556740016,0.0
654,21.320246293733,4.578499999999998,0.18124777252979773,0.0
655,11.586663931645868,2.2845999999999975,0.06409511848003405,0.0
656,11.228875622847655,4.809200000000004,0.14953282605123275,0.0
657,25.83275270621515,2.651200000000003,0.07083694018500937,0.0
658,22.52461156428722,6.4399000000000015,0.17770094404347414,0.0
659,6.715899898041729,2.8915000000000077,0.06735979409460956,0.0
660,19.154463714838954,5.866700000000002,0.14600354849819563,0.0
661,3.4528590577555636,1.190400000000004,0.02810085518734891,0.0
662,13.838868455509685,3.778500000000001,0.12035892627682421,0.0
663,8.016401255339467,5.924099999999996,0.17072973866245772,0.0
664,2.9353222281429865,7.590200000000003,0.18014173581773246,0.0
665,3.9499142790886412,4.030699999999996,0.09011520650211331,0.0
666,20.473820132938673,7.322999999999993,0.19905622883432286,0.0
667,4.019536061181387,8.1678,0.18958465786748094,0.0
668,21.705556635727103,9.270800000000001,0.29701155811245245,0.0
669,35.044215860412585,5.944500000000005,0.16213098077139126,0.0
670,7.130567207628889,4.5518,0.11539612088884238,0.0
671,11.695258898654833,4.091799999999999,0.1113602836087713,0.0
672,10.15952840338819,9.1873,0.2229954241604985,0.0
673,10.5727986226749,8.970199999999998,0.25691830851014097,0.0
674,6.552915690836774,6.428199999999997,0.1658179975395881,0.0
675,6.288265583542191,3.1810000000000045,0.08226823405902782,0.0
676,11.538314960267408,4.369300000000003,0.1267786672273136,0.0
677,3.6972340868295688,5.045900000000003,0.10355407225624695,0.0
678,7.129991841916853,3.5655,0.09550659587355095,0.0
679,12.377715891555665,2.780299999999997,0.08291359104476666,0.0
680,6.317427379637808,3.2356999999999942,0.07683594603689226,0.0
681,5.943142134182473,11.3701,0.29218382931633224,0.0
682,6.886864230646934,4.026100000000007,0.09474469434712354,0.0
683,7.280191634205825,4.451800000000006,0.10266569169236353,0.0
684,7.297436843241811,4.943299999999994,0.1462441233836044,0.0
685,6.1842396864724165,2.115699999999997,0.06428998998960754,0.0
686,7.318458163711288,0.600200000000001,0.020002799392108226,0.0
687,6.0953442872602395,3.962200000000003,0.10954351768575843,0.0
688,5.294005702325614,5.322800000000001,0.12412956758440903,0.0
689,4.0548906680037735,4.7592,0.11320889335592604,0.0
690,6.644112758310476,2.428199999999997,0.06926849008478551,0.0
691,7.916107321924206,6.017800000000008,0.13179126414363235,0.0
692,8.321669820430548,7.158299999999997,0.18381433377462408,0.0
693,12.69512460738163,5.780000000000001,0.16066846933909537,0.0
694,12.212555329060272,3.345800000000004,0.09030669920806424,0.0
695,5.538102863762167,4.687600000000003,0.12297473104071865,0.0
696,30.75834233396762,5.212100000000007,0.13134902301247955,0.0
697,29.501000812547588,2.652999999999995,0.08999565765015431,0.0
698,5.717052279327689,6.047299999999993,0.16567582035003095,0.0
699,4.710950805496391,4.725899999999996,0.10245698146053712,0.0
700,4.820527556810755,5.206300000000006,0.11979797022527461,0.0
701,9.716294430583366,3.694199999999995,0.09473862353119826,0.0
702,7.4273522098712315,1.5390999999999977,0.040718870103023705,0.0
703,10.082273304813857,3.2620000000000005,0.1026958443043605,0.0
704,8.000697998447299,4.680599999999998,0.12425206098122102,0.0
705,4.47551524313079,4.257499999999993,0.1138709984972209,0.0
706,4.375671597305149,6.760400000000004,0.18003536532224604,0.0
707,4.119015053663914,3.3834000000000017,0.08352135533105566,0.0
708,5.415889264039699,4.7027,0.12242246874833076,0.0
709,5.552942953097263,7.538800000000002,0.18991621147559617,0.0
710,4.024142927981334,1.604300000000002,0.05060627838782188,0.0
711,2.561343398956554,4.011400000000002,0.09142646136374703,0.0
712,6.282277051307078,5.047499999999999,0.12089125386590648,0.0
713,12.645500614807688,6.304100000000005,0.1823654477852224,0.0
714,3.3753726255112357,3.344700000000003,0.07899137020638472,0.0
715,7.779025192667837,5.002499999999998,0.13202866194584598,0.0
716,10.975530957166333,4.581000000000003,0.13731520407744574,0.0
717,4.909179549634071,3.9983999999999895,0.09550561774940347,0.0
718,3.98668292146341,6.470700000000001,0.15324914584507845,0.0
719,8.105203060248733,5.088000000000001,0.13965361035420198,0.0
720,4.812522893707315,8.103900000000003,0.19818055048560085,0.0
721,18.6585604773475,6.277200000000015,0.18263814480634635,0.0
722,7.80079162256769,4.2834999999999965,0.11579561980921321,0.0
723,7.177478903993213,5.768100000000004,0.15685479990521772,0.0
724,13.851222661571006,2.1532999999999944,0.0558835664582239,0.0
725,10.791002039235881,5.9669000000000025,0.20891263402068988,0.0
726,8.959744395332667,9.970299999999995,0.26881949389897986,0.0
727,22.502654569379064,6.556899999999999,0.20702186373976833,0.0
728,9.74360033764132,1.4926999999999992,0.04254476208752139,0.0
729,6.464259460908638,8.797799999999995,0.24611571381301783,0.0
730,6.143363833455931,7.939099999999996,0.2252086388219496,0.0
731,4.765561623709783,2.3190000000000097,0.04969814633907884,0.0
732,7.214510039224052,0.7515999999999963,0.02084078532593307,0.0
733,11.193412606650293,5.2164,0.14458111791054973,0.0
734,3.870229750863385,4.451499999999996,0.10436032243656591,0.0
735,6.119729912374155,3.0638000000000005,0.08945976065773639,0.0
736,15.39309747455264,5.380800000000008,0.16617819137861653,0.0
737,2.29909667930386,8.766999999999996,0.190604773510122,0.0
738,8.54181090233607,6.536499999999997,0.17315965663932856,0.0
739,9.926580297978598,5.683500000000002,0.14520764899475574,0.0
740,4.83338196477653,0.9649000000000001,0.02492515214979076,0.0
741,9.669831029422134,6.794499999999999,0.18839542885394622,0.0
742,3.3738367225684263,2.139499999999998,0.0477032431344715,0.0
743,4.8730594159045255,4.850200000000001,0.1403873368885448,0.0
744,4.632831411980654,1.370200000000004,0.03452437636023993,0.0
745,3.8847841423694063,8.495200000000011,0.21386206356585655,0.0
746,3.8577028141171077,3.8815000000000097,0.08660486163837532,0.0
747,11.01730805382045,3.7183999999999955,0.0959946300009173,0.0
748,5.437721686692098,8.620500000000007,0.18669354972930252,0.0
749,4.161458369170816,4.518099999999997,0.10416368852066,0.0
750,6.602246468545784,3.418299999999995,0.09236352017237992,0.0
751,7.667462305959402,6.191299999999998,0.1779431328719189,0.0
752,4.7255223589015145,4.432400000000001,0.09230897371283305,0.0
753,4.410352951186436,7.866100000000003,0.19309235914552358,0.0
754,4.482668302633724,9.423200000000001,0.20668991641620077,0.0
755,15.689787642988554,10.480700000000006,0.32285162347525465,0.0
756,7.980052226225726,9.078699999999998,0.24047052028937263,0.0
757,4.858278771090109,3.4824999999999946,0.07815884013367486,0.0
758,11.466069678078846,9.736799999999999,0.3157546541585172,0.0
759,20.214595712630405,4.016599999999997,0.11331539032868,0.0
760,6.679949852855004,2.215599999999995,0.0558080017939163,0.0
761,4.026697916283402,9.224899999999991,0.22219679690583838,0.0
762,5.888879811267313,7.420900000000003,0.20689414770535905,0.0
763,8.495367928392614,3.4958000000000027,0.10675632724165598,0.0
764,4.50014295820407,2.491100000000003,0.0598206651334189,0.0
765,6.982329364419331,4.080499999999994,0.10981425335507554,0.0
766,21.755354153003328,1.6801999999999921,0.050912528594246324,0.0
767,5.93243492589737,5.5259,0.1610894573959664,0.0
768,3.786542565821695,8.101200000000006,0.19633370769433273,0.0
769,9.375907229454711,5.728999999999999,0.16619044117429707,0.0
770,14.611314558672476,5.038200000000003,0.17339321606734057,0.0
771,8.722952918619194,5.602000000000004,0.14571920531862312,0.0
772,4.061114863996708,2.992900000000006,0.07572016233518335,0.0
773,4.052610165136318,0.9757999999999996,0.02181738499519877,0.0
774,6.209418099096166,3.697099999999999,0.10552108336562026,0.0
775,4.910158893155521,4.739000000000004,0.12195341600306396,0.0
776,62.6179990846019,2.852799999999995,0.090783824864407,0.0
777,3.1611106209367583,7.226399999999998,0.16806402134042814,0.0
778,11.64540966398342,2.500700000000002,0.06448227475044027,0.0
779,5.154602344660617,6.167200000000008,0.14868425775116223,0.0
780,4.771525856178522,4.092799999999997,0.10206763751108466,0.0
781,11.109501255021527,4.400099999999995,0.12912682863167738,0.0
782,9.696545715430556,1.8016999999999967,0.04811526071726831,0.0
783,5.094227876460286,3.618700000000004,0.09065901694665238,0.0
784,3.880631283084712,5.281700000000001,0.13929268384595,0.0
785,11.975625358682102,1.1047999999999973,0.030271146976526234,0.0
786,5.464506904134639,3.7890000000000015,0.0926725348037526,0.0
787,5.182850227246854,8.390300000000003,0.20562847961525457,0.0
788,20.3032369928046,7.229700000000001,0.21848726731957507,0.0
789,6.115729433815671,7.990800000000007,0.22186436192793244,0.0
790,4.623791340434013,7.26959999999999,0.15977564208336098,0.0
791,7.195183827382347,6.123099999999994,0.184117943661617,0.0
792,6.246770162793925,4.803200000000004,0.13224633155677906,0.0
793,7.141132205505241,3.5985000000000014,0.09435199022957548,0.0
794,5.377433869889836,3.8841000000000037,0.09819591122601196,0.0
795,7.178520182847183,8.5257,0.24253535962683812,0.0
796,95.33245638059913,12.786299999999994,0.48048024169821196,0.0
797,4.904114563743839,2.1034000000000006,0.06124148354614371,0.0
798,4.797396934211232,5.4773,0.1301911993710871,0.0
799,11.23191843107585,3.338000000000001,0.09763831090507527,0.0
800,8.56538464471107,5.377100000000013,0.14446880385045416,0.0
801,5.594883871437047,5.9254999999999995,0.1622842208350312,0.0
802,9.851575451429639,7.283300000000011,0.16600151757382603,0.0
803,5.943933494263837,5.966300000000004,0.16212022770111112,0.0
804,13.389535474351277,0.6009000000000029,0.015562317861929974,0.0
805,3.7908183496264094,3.1655000000000015,0.07509334757843031,0.0
806,9.148549529673437,2.7105000000000032,0.0834313185767233,0.0
807,7.0340368403417255,4.948599999999999,0.130867912606098,0.0
808,5.237915781205705,5.657499999999999,0.13161323010944723,0.0
809,8.007256857179835,5.428399999999996,0.1553372494188523,0.0
810,5.215973502084301,4.4161,0.12437090720447534,0.0
811,5.529514079515931,3.769599999999997,0.09644546646323425,0.0
812,10.13812928610254,6.684000000000005,0.178598148343884,0.0
813,3.3254491175102423,0.7040999999999968,0.01643012816379687,0.0
814,3.4519926470816897,1.583199999999998,0.04157541178466648,0.0
815,8.088103287286113,3.9137000000000057,0.10342649627533947,0.0
816,7.067451493068369,2.0064999999999955,0.05488718910055794,0.0
817,7.406115560614661,5.605600000000003,0.1421629788333918,0.0
818,4.254425770170035,6.627999999999993,0.19145224037408773,0.0
819,5.7683468172724135,3.8758000000000052,0.10016255262252198,0.0
820,6.801564482920255,3.8992999999999967,0.10931533854782036,0.0
821,5.010553319057518,1.292100000000005,0.03230387283383588,0.0
822,4.990315654462955,4.300400000000003,0.11004263087446942,0.0
823,4.134991272499372,3.0009000000000015,0.0663306918065699,0.0
824,3.320363950295921,6.267899999999997,0.14223310412084755,0.0
825,11.758814717298474,3.4921000000000006,0.11026836850346754,0.0
826,4.789382498419676,1.4880999999999887,0.0373631615010463,0.0
827,4.683304285456496,6.6307000000000045,0.16576169792616846,0.0
828,4.2214573544719585,3.0456000000000003,0.07231129740012847,0.0
829,5.173237559779569,3.9180999999999955,0.10955368745965592,0.0
830,4.911130801905383,3.9198999999999984,0.09994212362049035,0.0
831,2.7884563868526526,2.8119000000000014,0.07343827107458674,0.0
832,8.185720450227524,5.1983999999999995,0.14269166330133218,0.0
833,7.226223587777908,2.393800000000006,0.0644634863159475,0.0
834,10.935359896882757,0.9738000000000042,0.026101710291649576,0.0
835,6.957059566459862,2.1821999999999946,0.05056914023987043,0.0
836,4.617714509118677,9.536700000000003,0.2617003228158702,0.0
837,6.916770380010586,4.192299999999996,0.13871407443861838,0.0
838,12.780436683902051,6.637899999999995,0.20052321639335743,0.0
839,2.9607022465780726,4.6133999999999915,0.10104850893313898,0.0
840,3.0441809712055896,0.8621000000000052,0.01994798386772936,0.0
841,6.984394091817464,6.582399999999993,0.16724427011727133,0.0
842,4.348780174584025,7.618900000000011,0.16968218932833995,0.0
843,5.635408611859542,0.705999999999996,0.020521645043785265,0.0
844,10.004632176761968,8.067200000000007,0.2683520714910784,0.0
845,3.710579556153471,5.336599999999997,0.12722335695722575,0.0
846,6.916962391509353,5.2050999999999945,0.14681856860478884,0.0
847,5.8065921546632975,3.6126999999999896,0.09753957363718183,0.0
848,13.221049311367242,8.603300000000004,0.22877344632328336,0.0
849,3.2252343265674646,7.207900000000002,0.17396351693570045,0.0
850,3.8957384956747525,5.6389,0.11631682278373881,0.0
851,6.340144034884048,6.2213000000000065,0.1602775154440268,0.0
852,11.548483875613952,6.644100000000002,0.1863791536023341,0.0
853,4.332524259840045,2.8414999999999964,0.07248021856942374,0.0
854,2.8687852802363314,3.367199999999997,0.07675054687100981,0.0
855,5.579450400888654,3.5386999999999986,0.10109589325295283,0.0
856,7.114071908145513,4.370699999999999,0.11271866339469025,0.0
857,11.359127189400716,4.897500000000008,0.12917323818207121,0.0
858,17.385330255939405,4.8111999999999995,0.14515306617403442,0.0
859,3.5758462507582833,6.019500000000001,0.14670793642117955,0.0
860,5.300560179673746,8.8838,0.2247544059464757,0.0
861,20.58668648241964,6.227399999999996,0.1917173091979073,0.0
862,9.260569163177605,2.8330999999999946,0.07517127175015435,0.0
863,4.733735179017842,2.0300999999999974,0.05308158721010745,0.0
864,9.997112036953995,4.700900000000004,0.14539375562011334,0.0
865,3.657419193598424,2.9310000000000045,0.07074139670032449,0.0
866,4.222700789763165,4.9672999999999945,0.11765918058620141,0.0
867,6.017457648677829,3.722200000000008,0.08909900399966746,0.0
868,7.603884779953292,5.006099999999996,0.11419935415875038,0.0
869,13.78699427975078,7.880099999999999,0.23728093876157497,0.0
870,8.169360863790788,3.323999999999991,0.08353836737394864,0.0
871,5.413936380273826,3.5415000000000063,0.09598133196022184,0.0
872,4.065843047044205,1.0060999999999964,0.025803059575027643,0.0
873,4.989868814396128,10.875899999999994,0.23500419140397874,0.0
874,6.196652354609487,6.9864999999999995,0.20243331362333375,0.0
875,16.292677695043768,7.883000000000006,0.24863350843980836,0.0
876,6.123611151684879,2.433399999999992,0.05701673186620769,0.0
877,7.926644887794991,4.595300000000002,0.12369183196318878,0.0
878,4.86515772751805,3.3171999999999997,0.06776046461682926,0.0
879,4.047136463759171,4.267299999999992,0.09298165317256778,0.0
880,2.9997539163920393,2.4176999999999964,0.05737957798377695,0.0
881,7.523596511882255,7.5258999999999965,0.24687951998950416,0.0
882,5.776364889290516,7.2730999999999995,0.19532389214948961,0.0
883,9.857665589681282,1.5690000000000026,0.044927025667886485,0.0
884,7.651272439156774,4.8123000000000005,0.11913049045646391,0.0
885,2.654907491736047,12.801400000000001,0.2779873306406531,0.0
886,4.288766991502992,10.476000000000006,0.23743418717448755,0.0
887,11.284288868354105,5.883199999999995,0.1420925511011192,0.0
888,4.762050151172845,4.213100000000011,0.09797382907897087,0.0
889,4.150562486692731,5.669999999999995,0.13465758467834732,0.0
890,2.7731622568792846,5.114900000000006,0.10966790214029652,0.0
891,7.008668475476245,7.194800000000001,0.1860789902416922,0.0
892,63.0282231949217,2.4179999999999993,0.06845611343541508,0.0
893,2.7022483544036104,5.283200000000008,0.10994641254888647,0.0
894,11.018188461743254,2.2860999999999976,0.06324085506073213,0.0
895,3.8981684045830165,4.799300000000002,0.11120018695663218,0.0
896,3.645316741073792,3.9107000000000056,0.10638726164028171,0.0
897,7.609738416506423,5.1754999999999995,0.12053397770154249,0.0
898,6.856921034721948,4.184499999999993,0.11589101310572104,0.0
899,5.8585947926000586,4.492299999999993,0.1217735680043869,0.0
900,6.361431329089664,11.367599999999996,0.3681062637644584,0.0
901,10.551577428768963,9.7654,0.2653518716109531,0.0
902,11.276154280348829,6.3902,0.19357965691857593,0.0
903,8.180285857729581,5.163100000000007,0.1406341074261596,0.0
904,13.68628319221879,5.8934,0.13812969167708558,0.0
905,5.827223422563818,7.925000000000004,0.20082051283142868,0.0
906,6.190247461277597,0.2926000000000002,0.007770465835523022,0.0
907,32.37131833966207,9.775899999999993,0.27173544362672813,0.0
908,12.018277982863241,1.8284999999999911,0.05596004279723663,0.0
909,10.25232381216773,3.8488999999999933,0.11126303707342826,0.0
910,7.071281523424509,5.008700000000001,0.16026762950244103,0.0
911,4.085892420422253,5.8866999999999905,0.14077053462823008,0.0
912,13.267946462261602,2.829500000000003,0.07099147181293217,0.0
913,5.083162267732175,11.233800000000002,0.32733089643953317,0.0
914,12.025819414897343,3.279299999999992,0.10126640881061766,0.0
915,7.122335886811636,3.1197000000000017,0.0961935152669673,0.0
916,7.46137402091332,1.8212000000000046,0.04912628993162932,0.0
917,10.110330190236116,4.2546000000000035,0.13707757246116026,0.0
918,5.778402851391798,4.782600000000002,0.12811542301149895,0.0
919,6.3881135113054945,7.918199999999999,0.2297014645935609,0.0
920,8.235097475001682,7.512699999999995,0.2204695981016799,0.0
921,6.8077703934198315,5.9820999999999955,0.19418808793766043,0.0
922,5.4394029781991575,4.391400000000004,0.1195944341784129,0.0
923,5.550480085036194,6.3833000000000055,0.15278545661679674,0.0
924,8.146991850287378,7.992599999999996,0.2359334635043953,0.0
925,4.672483230560725,7.334600000000009,0.18788600656321253,0.0
926,3.728366792099613,3.9838999999999913,0.08807507773511558,0.0
927,4.14561435529948,2.994099999999996,0.0785109120268959,0.0
928,10.828570036961358,8.6233,0.2436800246308614,0.0
929,11.885772873413677,3.4528000000000034,0.09984875753001354,0.0
930,9.79080841401702,5.061300000000003,0.13558409376049016,0.0
931,3.1978732370520713,2.2924000000000007,0.06233362229932425,0.0
932,4.473539311630021,14.2183,0.3812081066512732,0.0
933,5.977636105008767,3.5967999999999947,0.09542178110553796,0.0
934,27.447560553558546,3.747400000000006,0.11485649798675802,0.0
935,8.77719045135651,1.1090000000000018,0.031237764651363034,0.0
936,4.758854618469435,5.132300000000008,0.1407490082306785,0.0
937,8.85584239602537,3.3777000000000044,0.08847821223434357,0.0
938,6.182469688930864,0.5688999999999993,0.014525093984111245,0.0
939,6.937971186018923,7.063499999999991,0.17004788311017063,0.0
940,13.629558709054711,8.835099999999997,0.23788061076096528,0.0
941,118.1579415520326,8.024299999999997,0.24676638565103906,0.0
942,7.560870235132896,2.9797999999999973,0.0780622494490419,0.0
943,5.607724341084519,6.950400000000016,0.15630959628047428,0.0
944,5.708246148735334,1.6869999999999976,0.05356967056853172,0.0
945,2.8612719518416156,5.306100000000001,0.12117786474014881,0.0
946,6.44281002431359,9.795000000000002,0.26531844913898556,0.0
947,11.656569711450885,3.8640000000000043,0.11002841799970278,0.0
948,3.7430764963946768,3.073699999999995,0.07288312410100498,0.0
949,6.0989317139927985,7.105427357601002e-15,2.2052710211445898e-16,1.0
950,6.149849219954308,10.613,0.2993262119867944,0.0
951,3.712022681480622,5.784499999999994,0.1269092884854489,0.0
952,8.615200066101659,9.938299999999998,0.27208167057132776,0.0
953,3.2719594515674126,7.52559999999999,0.14763923546111887,0.0
954,7.415144270493694,4.548900000000003,0.135951200736552,0.0
955,7.396697285948111,4.7181,0.1258401609753335,0.0
956,4.670294955294516,6.2132000000000005,0.15951159609279364,0.0
957,6.748608245202554,2.9701999999999984,0.07531696907567455,0.0
958,5.974642186788471,2.164999999999999,0.051566158186476176,0.0
959,5.116880602681108,4.522300000000001,0.11668403966095234,0.0
960,6.676822051080926,4.066500000000005,0.11685915657701926,0.0
961,11.117689390195359,4.7978999999999985,0.13850070828365604,0.0
962,3.479973896567174,0.9035999999999973,0.020012624120986786,0.0
963,51.547036736834364,1.0976999999999997,0.04049851117887852,0.0
964,6.315306721823493,2.192300000000003,0.06192640448925794,0.0
965,5.905077097647183,0.6102000000000061,0.0188895354731687,0.0
966,6.976695038450692,4.694699999999997,0.12384914467705052,0.0
967,13.389781361583555,4.122599999999991,0.11870121385077465,0.0
968,8.69330499466381,1.5412000000000035,0.040890181153982505,0.0
969,21.93710866580364,1.8799000000000063,0.05422079404744938,0.0
970,6.784797319566342,5.2288,0.1326322247690269,0.0
971,6.281948833475287,2.17560000000001,0.05191359175931743,0.0
972,5.435152308668499,5.270699999999998,0.14260243246195306,0.0
973,3.383285942660949,2.2698000000000107,0.051214592139752615,0.0
974,7.295785536804919,0.5571999999999946,0.01645137951120792,0.0
975,7.05380263068033,8.186800000000005,0.22005160676257515,0.0
976,3.581734267665861,4.665399999999998,0.10098639971387167,0.0
977,23.037806933554734,4.0334,0.10508024149364256,0.0
978,5.196107601945933,9.130400000000009,0.24061053833100435,0.0
979,3.9401164743972594,4.586600000000004,0.10235319035882945,0.0
980,16.40620609237679,3.727400000000003,0.10839719044276923,0.0
981,3.367032724931459,1.0537999999999954,0.022034454664946853,0.0
982,3.9888021001464287,5.391599999999997,0.13658333889827592,0.0
983,4.091775775740808,2.3887999999999963,0.06264472546346354,0.0
984,11.709681804694407,4.862699999999997,0.12217624282443204,0.0
985,5.824989694223202,2.906100000000002,0.07423746979451937,0.0
986,6.4351171708356025,4.7509000000000015,0.12929096623480518,0.0
987,6.135504032693267,9.248400000000004,0.24047989827765837,0.0
988,4.427217229584357,4.057699999999997,0.0913106680454051,0.0
989,6.851488867387746,8.275600000000011,0.2369331188818913,0.0
990,8.660495510373138,2.081699999999998,0.05802842169486242,0.0
991,5.571789126292349,5.034299999999995,0.10838642148397772,0.0
992,5.202026562946401,6.516200000000005,0.17188604544477448,0.0
993,4.569984314269575,4.420400000000001,0.1223474182814029,0.0
994,5.0658011840922095,3.0889999999999915,0.07303135673528924,0.0
995,5.109971676613599,9.876500000000007,0.23607206995737726,0.0
996,2.915837147923621,5.724599999999995,0.112913246758003,0.0
997,3.255142311776561,6.916799999999995,0.17427542669543503,0.0
998,3.8668863995031852,6.5381,0.1533411820708924,0.0
999,11.436162190102927,6.315999999999995,0.17028068228126308,0.0
